Title,ObligationID,OccurrenceKey,EvidenceURL,EvidenceDate,AddedBy,Notes
01. DA OPEN__Bridge Creek_Diversion 2408-41693 SPD_2402-39300 SDA,BC-DA-001,,https://dtinfrastructurecomau.sharepoint.com/:f:/s/DTI-20151005_QTMP/IgDZYy1TbaauT6J76Odx-8BSAeileb2BW8MbIbprb-s2Rr4?e=qf3gBR,,,Imported from TP002 Bridge Creek DA Conditions!L6
Weekly Environmental Inspection Checklist_Full Report,BC-DA-001,,https://dtinfrastructurecomau.sharepoint.com/:f:/s/DTI-20151005_QTMP/IgBTb9L0aVaPRZTWpBMRRfBiAR-K1xvWVeTeTqGqOWpyC50?e=xm8pzW,,,Imported from TP002 Bridge Creek DA Conditions!M6
01. DA OPEN__Bridge Creek_Diversion 2408-41693 SPD_2402-39300 SDA,BC-DA-002,,https://dtinfrastructurecomau.sharepoint.com/:f:/s/DTI-20151005_QTMP/IgDZYy1TbaauT6J76Odx-8BSAeileb2BW8MbIbprb-s2Rr4?e=qf3gBR,,,Imported from TP002 Bridge Creek DA Conditions!L7
Bridge Creek - fish salvage,BC-DA-004,,https://dtinfrastructurecomau.sharepoint.com/:f:/s/DTI-20151005_QTMP/IgAdVLxqfUG2RbVad7xcDnP2AcHM8JMenGa4-9B_H3GHgK4?e=9IXdRf,,,Imported from TP002 Bridge Creek DA Conditions!L9
Weekly Environmental Inspection Checklist_Full Report,BC-DA-004,,https://dtinfrastructurecomau.sharepoint.com/:f:/s/DTI-20151005_QTMP/IgBTb9L0aVaPRZTWpBMRRfBiAR-K1xvWVeTeTqGqOWpyC50?e=xm8pzW,,,Imported from TP002 Bridge Creek DA Conditions!M9
DAF Notifications,BC-DA-005,BC-DA-005|COMMENCE,https://dtinfrastructurecomau.sharepoint.com/:f:/s/DTI-20151005_QTMP/IgBGZj5MLchaS6NVszzoGHqnAewLHBIlkPWA3E314zHnqYY?e=rWf9HS,,,Imported from TP002 Bridge Creek DA Conditions!L10
Waste Transfer Certs,BC-DA-006,,https://dtinfrastructurecomau.sharepoint.com/:f:/s/DTI-20151005_QTMP/IgCeNg-uicevRq2xd7hNZdoFAfFNbJd2DArHVhGnw_2H6IE?e=Kdv3br,,,Imported from TP002 Bridge Creek DA Conditions!L11
Weekly Environmental Inspection Checklist_Full Report,BC-DA-006,,https://dtinfrastructurecomau.sharepoint.com/:f:/s/DTI-20151005_QTMP/IgBTb9L0aVaPRZTWpBMRRfBiAR-K1xvWVeTeTqGqOWpyC50?e=xm8pzW,,,Imported from TP002 Bridge Creek DA Conditions!M11
DPI_DAF,BC-DA-007,,https://dtinfrastructurecomau.sharepoint.com/:f:/s/DTI-20151005_QTMP/IgAnc2ql6ZkHTJNYpfI3XAcQAelbfeHoMNfdJsEWisydo4U?e=1nwnv8,,,Imported from TP002 Bridge Creek DA Conditions!L12
Weekly Environmental Inspection Checklist_Full Report,BC-DA-007,,https://dtinfrastructurecomau.sharepoint.com/:f:/s/DTI-20151005_QTMP/IgBTb9L0aVaPRZTWpBMRRfBiAR-K1xvWVeTeTqGqOWpyC50?e=xm8pzW,,,Imported from TP002 Bridge Creek DA Conditions!M12
Weekly Environmental Inspection Checklist_Full Report,BC-DA-008,,https://dtinfrastructurecomau.sharepoint.com/:f:/s/DTI-20151005_QTMP/IgBTb9L0aVaPRZTWpBMRRfBiAR-K1xvWVeTeTqGqOWpyC50?e=xm8pzW,,,Imported from TP002 Bridge Creek DA Conditions!M13
Weekly Environmental Inspection Checklist_Full Report,BC-DA-009,,https://dtinfrastructurecomau.sharepoint.com/:f:/s/DTI-20151005_QTMP/IgBTb9L0aVaPRZTWpBMRRfBiAR-K1xvWVeTeTqGqOWpyC50?e=xm8pzW,,,Imported from TP002 Bridge Creek DA Conditions!L14
Memo review of fish passage issues at Ormeau rail facility -Final.pdf,BC-DA-009,,https://dtinfrastructurecomau.sharepoint.com/:b:/s/DTI-20151005_QTMP/IQBnrZuCxvs_RpRFnz1NmueJAZlw0Y3v1mbnbgRLGrJT4KY?e=vEQvhf,,,Imported from TP002 Bridge Creek DA Conditions!M14
Weekly Environmental Inspection Checklist_Full Report,BC-DA-011,,https://dtinfrastructurecomau.sharepoint.com/:f:/s/DTI-20151005_QTMP/IgBTb9L0aVaPRZTWpBMRRfBiAR-K1xvWVeTeTqGqOWpyC50?e=xm8pzW,,,Imported from TP002 Bridge Creek DA Conditions!L16
Memo review of fish passage issues at Ormeau rail facility -Final.pdf,BC-DA-011,,https://dtinfrastructurecomau.sharepoint.com/:b:/s/DTI-20151005_QTMP/IQBnrZuCxvs_RpRFnz1NmueJAZlw0Y3v1mbnbgRLGrJT4KY?e=vEQvhf,,,Imported from TP002 Bridge Creek DA Conditions!M16
Weekly Environmental Inspection Checklist_Full Report,BC-DA-012,,https://dtinfrastructurecomau.sharepoint.com/:f:/s/DTI-20151005_QTMP/IgBTb9L0aVaPRZTWpBMRRfBiAR-K1xvWVeTeTqGqOWpyC50?e=xm8pzW,,,Imported from TP002 Bridge Creek DA Conditions!L17
Weekly Environmental Inspection Checklist_Full Report,BC-DA-013,,https://dtinfrastructurecomau.sharepoint.com/:f:/s/DTI-20151005_QTMP/IgBTb9L0aVaPRZTWpBMRRfBiAR-K1xvWVeTeTqGqOWpyC50?e=xm8pzW,,,Imported from TP002 Bridge Creek DA Conditions!L18
01. DA OPEN__Bridge Creek_Diversion 2408-41693 SPD_2402-39300 SDA,BC-DA-015,,https://dtinfrastructurecomau.sharepoint.com/:f:/s/DTI-20151005_QTMP/IgDZYy1TbaauT6J76Odx-8BSAeileb2BW8MbIbprb-s2Rr4?e=qf3gBR,,,Imported from TP002 Bridge Creek DA Conditions!L22
Weekly Environmental Inspection Checklist_Full Report,BC-DA-015,,https://dtinfrastructurecomau.sharepoint.com/:f:/s/DTI-20151005_QTMP/IgBTb9L0aVaPRZTWpBMRRfBiAR-K1xvWVeTeTqGqOWpyC50?e=xm8pzW,,,Imported from TP002 Bridge Creek DA Conditions!M22
Bridge Creek - fish salvage,BC-DA-016,,https://dtinfrastructurecomau.sharepoint.com/:f:/s/DTI-20151005_QTMP/IgAdVLxqfUG2RbVad7xcDnP2AcHM8JMenGa4-9B_H3GHgK4?e=9IXdRf,,,Imported from TP002 Bridge Creek DA Conditions!L23
Weekly Environmental Inspection Checklist_Full Report,BC-DA-017,,https://dtinfrastructurecomau.sharepoint.com/:f:/s/DTI-20151005_QTMP/IgBTb9L0aVaPRZTWpBMRRfBiAR-K1xvWVeTeTqGqOWpyC50?e=xm8pzW,,,Imported from TP002 Bridge Creek DA Conditions!L24
Weekly Environmental Inspection Checklist_Full Report,BC-DA-018,,https://dtinfrastructurecomau.sharepoint.com/:f:/s/DTI-20151005_QTMP/IgBTb9L0aVaPRZTWpBMRRfBiAR-K1xvWVeTeTqGqOWpyC50?e=xm8pzW,,,Imported from TP002 Bridge Creek DA Conditions!L25
Weekly Environmental Inspection Checklist_Full Report,BC-DA-019,,https://dtinfrastructurecomau.sharepoint.com/:f:/s/DTI-20151005_QTMP/IgBTb9L0aVaPRZTWpBMRRfBiAR-K1xvWVeTeTqGqOWpyC50?e=xm8pzW,,,Imported from TP002 Bridge Creek DA Conditions!L26
DTI QTMP OMF_Construction Water Monitoring .xlsx,BC-DA-020,,https://dtinfrastructurecomau.sharepoint.com/:x:/s/DTI-20151005_QTMP/IQD7_lqLHFGVRqJIzvAOnQDIAd8dXpmvEYxu1n0tgpus0H4?e=UHa9B7,,,Imported from TP002 Bridge Creek DA Conditions!L27
DTI QTMP OMF_Construction Water Monitoring .xlsx,BC-DA-021,,https://dtinfrastructurecomau.sharepoint.com/:x:/s/DTI-20151005_QTMP/IQD7_lqLHFGVRqJIzvAOnQDIAd8dXpmvEYxu1n0tgpus0H4?e=UHa9B7,,,Imported from TP002 Bridge Creek DA Conditions!L28
Rev 2- Dewatering and Fish Salvage Reports - TO DAF,BC-DA-024,,https://dtinfrastructurecomau.sharepoint.com/:f:/s/DTI-20151005_QTMP/IgCY5aVN9JqDS5aWNDUkL3KEAfSKz4NyH8ONsBbxaAjX9mI?e=7bAtP9,,,Imported from TP002 Bridge Creek DA Conditions!L31
Weekly Environmental Inspection Checklist_Full Report,BC-DA-026,,https://dtinfrastructurecomau.sharepoint.com/:f:/s/DTI-20151005_QTMP/IgBTb9L0aVaPRZTWpBMRRfBiAR-K1xvWVeTeTqGqOWpyC50?e=xm8pzW,,,Imported from TP002 Bridge Creek DA Conditions!L33
Weekly Environmental Inspection Checklist_Full Report,BC-DA-027,,https://dtinfrastructurecomau.sharepoint.com/:f:/s/DTI-20151005_QTMP/IgBTb9L0aVaPRZTWpBMRRfBiAR-K1xvWVeTeTqGqOWpyC50?e=xm8pzW,,,Imported from TP002 Bridge Creek DA Conditions!L34
01 TOPO Audits and Inspections,BC-DA-031,,https://dtinfrastructurecomau.sharepoint.com/:f:/s/DTI-20151005_QTMP/IgCFbnwOjNLDTZTlyr5LHA_kAZk4ZXmdGwpxZad__BB7h34?e=JQqyJS,,,Imported from TP002 Bridge Creek DA Conditions!L38
Weekly Environmental Inspection Checklist_Full Report,BC-DA-032,,https://dtinfrastructurecomau.sharepoint.com/:f:/s/DTI-20151005_QTMP/IgBTb9L0aVaPRZTWpBMRRfBiAR-K1xvWVeTeTqGqOWpyC50?e=xm8pzW,,,Imported from TP002 Bridge Creek DA Conditions!M39
DTI QTMP OMF_Construction Water Monitoring .xlsx,BC-DA-033,,https://dtinfrastructurecomau.sharepoint.com/:x:/s/DTI-20151005_QTMP/IQD7_lqLHFGVRqJIzvAOnQDIAd8dXpmvEYxu1n0tgpus0H4?e=UHa9B7,,,Imported from TP002 Bridge Creek DA Conditions!L40
03_Incidents and NCR's,BC-DA-036,,https://dtinfrastructurecomau.sharepoint.com/:f:/s/DTI-20151005_QTMP/IgDe07nUvwl4RrwFD4xErYN3AWf3DSmODqkFm8jlQzd3Lfg?e=GJpqzv,,,Imported from TP002 Bridge Creek DA Conditions!L43
Weekly Environmental Inspection Checklist_Full Report,BC-DA-036,,https://dtinfrastructurecomau.sharepoint.com/:f:/s/DTI-20151005_QTMP/IgBTb9L0aVaPRZTWpBMRRfBiAR-K1xvWVeTeTqGqOWpyC50?e=xm8pzW,,,Imported from TP002 Bridge Creek DA Conditions!M43
Weed survey,BC-DA-039,,https://dtinfrastructurecomau.sharepoint.com/:f:/s/DTI-20151005_QTMP/IgAeWju85UYKRIXTFzacdTs8AU9_WS-ic1_-JguN7OP3zHg?e=baBdWt,,,Imported from TP002 Bridge Creek DA Conditions!L46
02. DA OPEN_No-Name Creek Diversion_ 2407-41572 SPD_2312-38409 SDA,NN-DA-001,,https://dtinfrastructurecomau.sharepoint.com/:f:/s/DTI-20151005_QTMP/IgC9_6ylscTTQLUfc0r2PQAoAfLWUralj0nfEskS10RG9ts?e=SpMwNj,,,Imported from TP002 No Name DA Conditions!M6
Waste Transfer Certs,NN-DA-003,,https://dtinfrastructurecomau.sharepoint.com/:f:/s/DTI-20151005_QTMP/IgCeNg-uicevRq2xd7hNZdoFAfFNbJd2DArHVhGnw_2H6IE?e=Kdv3br,,,Imported from TP002 No Name DA Conditions!M9
DPI_DAF,NN-DA-004,,https://dtinfrastructurecomau.sharepoint.com/:f:/s/DTI-20151005_QTMP/IgAnc2ql6ZkHTJNYpfI3XAcQAelbfeHoMNfdJsEWisydo4U?e=1nwnv8,,,Imported from TP002 No Name DA Conditions!M10
Weekly Environmental Inspection Checklist_Full Report,NN-DA-004,,https://dtinfrastructurecomau.sharepoint.com/:f:/s/DTI-20151005_QTMP/IgBTb9L0aVaPRZTWpBMRRfBiAR-K1xvWVeTeTqGqOWpyC50?e=xm8pzW,,,Imported from TP002 No Name DA Conditions!N10
Weekly Environmental Inspection Checklist_Full Report,NN-DA-005,,https://dtinfrastructurecomau.sharepoint.com/:f:/s/DTI-20151005_QTMP/IgBTb9L0aVaPRZTWpBMRRfBiAR-K1xvWVeTeTqGqOWpyC50?e=xm8pzW,,,Imported from TP002 No Name DA Conditions!M11
Memo review of fish passage issues at Ormeau rail facility -Final.pdf,NN-DA-005,,https://dtinfrastructurecomau.sharepoint.com/:b:/s/DTI-20151005_QTMP/IQBnrZuCxvs_RpRFnz1NmueJAZlw0Y3v1mbnbgRLGrJT4KY?e=vEQvhf,,,Imported from TP002 No Name DA Conditions!N11
Weekly Environmental Inspection Checklist_Full Report,NN-DA-006,,https://dtinfrastructurecomau.sharepoint.com/:f:/s/DTI-20151005_QTMP/IgBTb9L0aVaPRZTWpBMRRfBiAR-K1xvWVeTeTqGqOWpyC50?e=xm8pzW,,,Imported from TP002 No Name DA Conditions!M12
Memo review of fish passage issues at Ormeau rail facility -Final.pdf,NN-DA-006,,https://dtinfrastructurecomau.sharepoint.com/:b:/s/DTI-20151005_QTMP/IQBnrZuCxvs_RpRFnz1NmueJAZlw0Y3v1mbnbgRLGrJT4KY?e=vEQvhf,,,Imported from TP002 No Name DA Conditions!N12
Weekly Environmental Inspection Checklist_Full Report,NN-DA-007,,https://dtinfrastructurecomau.sharepoint.com/:f:/s/DTI-20151005_QTMP/IgBTb9L0aVaPRZTWpBMRRfBiAR-K1xvWVeTeTqGqOWpyC50?e=xm8pzW,,,Imported from TP002 No Name DA Conditions!M13
Weekly Environmental Inspection Checklist_Full Report,NN-DA-008,,https://dtinfrastructurecomau.sharepoint.com/:f:/s/DTI-20151005_QTMP/IgBTb9L0aVaPRZTWpBMRRfBiAR-K1xvWVeTeTqGqOWpyC50?e=xm8pzW,,,Imported from TP002 No Name DA Conditions!M14
No-Name Creek - Fish Salvage,NN-DA-009,,https://dtinfrastructurecomau.sharepoint.com/:f:/s/DTI-20151005_QTMP/IgCUPYIevMk_RZ57ODl8N38EAfC5PcZcKMnRNnE2MQa6g5o?e=LM1FYM,,,Imported from TP002 No Name DA Conditions!M15
Post Works Notification_2506-46598 SDA Condition 10.pdf,NN-DA-010,,https://dtinfrastructurecomau.sharepoint.com/:b:/s/DTI-20151005_QTMP/IQDT4rb_IYGzRqcd8uCmASEMAfDpp6MO4MbEmcOxROkp7Pk?e=HZlqJF,,,Imported from TP002 No Name DA Conditions!M16
2. Marine Plant DAs,MP-TNAR-001,,https://dtinfrastructurecomau.sharepoint.com/:f:/s/DTI-20151005_QTMP/IgA840Qca9fdS4js3Nh932QpAWiAN2fTdcQQqu18IGtWfAg?e=4AhGhg,,,Imported from TP002 Marine Plants DA Conditions!M23
Weekly Environmental Inspection Checklist_Full Report,MP-TNAR-001,,https://dtinfrastructurecomau.sharepoint.com/:f:/s/DTI-20151005_QTMP/IgBTb9L0aVaPRZTWpBMRRfBiAR-K1xvWVeTeTqGqOWpyC50?e=xm8pzW,,,Imported from TP002 Marine Plants DA Conditions!N23
Pre-works notification,MP-TNAR-002,MP-TNAR-002|COMMENCE,https://dtinfrastructurecomau.sharepoint.com/:f:/s/DTI-20151005_QTMP/IgBCu3ERju4oQKtmH1KfWknPAb8yNZ-ZuptASHTMDHPVq7E?e=Jmk0Gg,,,Imported from TP002 Marine Plants DA Conditions!M24
Waste Transfer Certs,MP-TNAR-003,,https://dtinfrastructurecomau.sharepoint.com/:f:/s/DTI-20151005_QTMP/IgCeNg-uicevRq2xd7hNZdoFAfFNbJd2DArHVhGnw_2H6IE?e=Kdv3br,,,Imported from TP002 Marine Plants DA Conditions!M25
Weekly Environmental Inspection Checklist_Full Report,MP-TNAR-003,,https://dtinfrastructurecomau.sharepoint.com/:f:/s/DTI-20151005_QTMP/IgBTb9L0aVaPRZTWpBMRRfBiAR-K1xvWVeTeTqGqOWpyC50?e=xm8pzW,,,Imported from TP002 Marine Plants DA Conditions!N25
DPI_DAF,MP-TNAR-004,,https://dtinfrastructurecomau.sharepoint.com/:f:/s/DTI-20151005_QTMP/IgAnc2ql6ZkHTJNYpfI3XAcQAelbfeHoMNfdJsEWisydo4U?e=1nwnv8,,,Imported from TP002 Marine Plants DA Conditions!M26
Weekly Environmental Inspection Checklist_Full Report,MP-TNAR-004,,https://dtinfrastructurecomau.sharepoint.com/:f:/s/DTI-20151005_QTMP/IgBTb9L0aVaPRZTWpBMRRfBiAR-K1xvWVeTeTqGqOWpyC50?e=xm8pzW,,,Imported from TP002 Marine Plants DA Conditions!N26
Weekly Environmental Inspection Checklist_Full Report,MP-TNAR-005,,https://dtinfrastructurecomau.sharepoint.com/:f:/s/DTI-20151005_QTMP/IgBTb9L0aVaPRZTWpBMRRfBiAR-K1xvWVeTeTqGqOWpyC50?e=xm8pzW,,,Imported from TP002 Marine Plants DA Conditions!N27
Weekly Environmental Inspection Checklist_Full Report,MP-TNAR-005B,,https://dtinfrastructurecomau.sharepoint.com/:f:/s/DTI-20151005_QTMP/IgBTb9L0aVaPRZTWpBMRRfBiAR-K1xvWVeTeTqGqOWpyC50?e=xm8pzW,,,Imported from TP002 Marine Plants DA Conditions!M28
Weekly Environmental Inspection Checklist_Full Report,MP-TNAR-006,,https://dtinfrastructurecomau.sharepoint.com/:f:/s/DTI-20151005_QTMP/IgBTb9L0aVaPRZTWpBMRRfBiAR-K1xvWVeTeTqGqOWpyC50?e=xm8pzW,,,Imported from TP002 Marine Plants DA Conditions!M29
Waste Transfer Certs,MP-TNAR-006B,,https://dtinfrastructurecomau.sharepoint.com/:f:/s/DTI-20151005_QTMP/IgCeNg-uicevRq2xd7hNZdoFAfFNbJd2DArHVhGnw_2H6IE?e=Kdv3br,,,Imported from TP002 Marine Plants DA Conditions!M30
Weekly Environmental Inspection Checklist_Full Report,MP-TNAR-006B,,https://dtinfrastructurecomau.sharepoint.com/:f:/s/DTI-20151005_QTMP/IgBTb9L0aVaPRZTWpBMRRfBiAR-K1xvWVeTeTqGqOWpyC50?e=xm8pzW,,,Imported from TP002 Marine Plants DA Conditions!N30
2. Marine Plant DAs,MP-NAC-001,,https://dtinfrastructurecomau.sharepoint.com/:f:/s/DTI-20151005_QTMP/IgA840Qca9fdS4js3Nh932QpAWiAN2fTdcQQqu18IGtWfAg?e=4AhGhg,,,Imported from TP002 Marine Plants DA Conditions!M34
Weekly Environmental Inspection Checklist_Full Report,MP-NAC-001,,https://dtinfrastructurecomau.sharepoint.com/:f:/s/DTI-20151005_QTMP/IgBTb9L0aVaPRZTWpBMRRfBiAR-K1xvWVeTeTqGqOWpyC50?e=xm8pzW,,,Imported from TP002 Marine Plants DA Conditions!N34
Weekly Environmental Inspection Checklist_Full Report,MP-NAC-002A,,https://dtinfrastructurecomau.sharepoint.com/:f:/s/DTI-20151005_QTMP/IgBTb9L0aVaPRZTWpBMRRfBiAR-K1xvWVeTeTqGqOWpyC50?e=xm8pzW,,,Imported from TP002 Marine Plants DA Conditions!M36
Weekly Environmental Inspection Checklist_Full Report,MP-NAC-002B,,https://dtinfrastructurecomau.sharepoint.com/:f:/s/DTI-20151005_QTMP/IgBTb9L0aVaPRZTWpBMRRfBiAR-K1xvWVeTeTqGqOWpyC50?e=xm8pzW,,,Imported from TP002 Marine Plants DA Conditions!M37
Weekly Environmental Inspection Checklist_Full Report,MP-NAC-002C,,https://dtinfrastructurecomau.sharepoint.com/:f:/s/DTI-20151005_QTMP/IgBTb9L0aVaPRZTWpBMRRfBiAR-K1xvWVeTeTqGqOWpyC50?e=xm8pzW,,,Imported from TP002 Marine Plants DA Conditions!M38
DAF Notifications,MP-NAC-003,MP-NAC-003|COMMENCE,https://dtinfrastructurecomau.sharepoint.com/:f:/s/DTI-20151005_QTMP/IgBGZj5MLchaS6NVszzoGHqnAewLHBIlkPWA3E314zHnqYY?e=rWf9HS,,,Imported from TP002 Marine Plants DA Conditions!M39
Waste Transfer Certs,MP-NAC-004,,https://dtinfrastructurecomau.sharepoint.com/:f:/s/DTI-20151005_QTMP/IgCeNg-uicevRq2xd7hNZdoFAfFNbJd2DArHVhGnw_2H6IE?e=Kdv3br,,,Imported from TP002 Marine Plants DA Conditions!M40
Weekly Environmental Inspection Checklist_Full Report,MP-NAC-004,,https://dtinfrastructurecomau.sharepoint.com/:f:/s/DTI-20151005_QTMP/IgBTb9L0aVaPRZTWpBMRRfBiAR-K1xvWVeTeTqGqOWpyC50?e=xm8pzW,,,Imported from TP002 Marine Plants DA Conditions!N40
DPI_DAF,MP-NAC-005,,https://dtinfrastructurecomau.sharepoint.com/:f:/s/DTI-20151005_QTMP/IgAnc2ql6ZkHTJNYpfI3XAcQAelbfeHoMNfdJsEWisydo4U?e=1nwnv8,,,Imported from TP002 Marine Plants DA Conditions!M41
Weekly Environmental Inspection Checklist_Full Report,MP-NAC-005,,https://dtinfrastructurecomau.sharepoint.com/:f:/s/DTI-20151005_QTMP/IgBTb9L0aVaPRZTWpBMRRfBiAR-K1xvWVeTeTqGqOWpyC50?e=xm8pzW,,,Imported from TP002 Marine Plants DA Conditions!N41
Weekly Environmental Inspection Checklist_Full Report,MP-NAC-006,,https://dtinfrastructurecomau.sharepoint.com/:f:/s/DTI-20151005_QTMP/IgBTb9L0aVaPRZTWpBMRRfBiAR-K1xvWVeTeTqGqOWpyC50?e=xm8pzW,,,Imported from TP002 Marine Plants DA Conditions!M42
Weekly Environmental Inspection Checklist_Full Report,MP-NAC-006B,,https://dtinfrastructurecomau.sharepoint.com/:f:/s/DTI-20151005_QTMP/IgBTb9L0aVaPRZTWpBMRRfBiAR-K1xvWVeTeTqGqOWpyC50?e=xm8pzW,,,Imported from TP002 Marine Plants DA Conditions!M43
Weekly Environmental Inspection Checklist_Full Report,MP-NAC-007,,https://dtinfrastructurecomau.sharepoint.com/:f:/s/DTI-20151005_QTMP/IgBTb9L0aVaPRZTWpBMRRfBiAR-K1xvWVeTeTqGqOWpyC50?e=xm8pzW,,,Imported from TP002 Marine Plants DA Conditions!M44
