Title,Obligation,ObligationID,ObligationSummary,PeriodLabel,PeriodStart,PeriodEnd,PeriodDue,Assignee,Status,StatusComment,ComplianceOutcome,CompletedDate,EvidenceURL,Notes,RiskSort,IsOverdue,HasOpenFollowUp
BC-DA-005|COMMENCE,BC-DA-005,BC-DA-005,Notify Department of Agriculture and Fisheries of commencement and completion of works.,Commencement notice,,,,DanielBlunt@dtinfrastructure.com.au,Complete,,Not assessed,,https://dtinfrastructurecomau.sharepoint.com/:f:/s/DTI-20151005_QTMP/IgBGZj5MLchaS6NVszzoGHqnAewLHBIlkPWA3E314zHnqYY?e=rWf9HS,Commencement notification evidenced in TP002 (link).,5,False,False
BC-DA-005|COMPLETE,BC-DA-005,BC-DA-005,Notify Department of Agriculture and Fisheries of commencement and completion of works.,Completion notice,,,,DanielBlunt@dtinfrastructure.com.au,Not started,,Not assessed,,,Completion notification outstanding (TP002: 'Required at end of conditions').,5,False,False
BC-DA-034|Y1,BC-DA-034,BC-DA-034,"Undertake fish passage monitoring at upstream, diversion and downstream locations.",Year 1,,,,SamMoraes@dtinfrastructure.com.au,Not started,,Not assessed,,,,5,False,False
BC-DA-034|Y2,BC-DA-034,BC-DA-034,"Undertake fish passage monitoring at upstream, diversion and downstream locations.",Year 2,,,,SamMoraes@dtinfrastructure.com.au,Not started,,Not assessed,,,,5,False,False
BC-DA-034|Y5,BC-DA-034,BC-DA-034,"Undertake fish passage monitoring at upstream, diversion and downstream locations.",Year 5,,,,SamMoraes@dtinfrastructure.com.au,Not started,,Not assessed,,,,5,False,False
BC-DA-035|Y1,BC-DA-035,BC-DA-035,Complete one base-flow and one moderate-flow survey during each monitoring year.,Year 1,,,,SamMoraes@dtinfrastructure.com.au,Not started,,Not assessed,,,,5,False,False
BC-DA-035|Y2,BC-DA-035,BC-DA-035,Complete one base-flow and one moderate-flow survey during each monitoring year.,Year 2,,,,SamMoraes@dtinfrastructure.com.au,Not started,,Not assessed,,,,5,False,False
BC-DA-035|Y5,BC-DA-035,BC-DA-035,Complete one base-flow and one moderate-flow survey during each monitoring year.,Year 5,,,,SamMoraes@dtinfrastructure.com.au,Not started,,Not assessed,,,,5,False,False
BC-DA-037|Y1,BC-DA-037,BC-DA-037,Submit interim Year 1 and Year 2 reports and final Year 5 report to DAF.,Year 1,,,,SamMoraes@dtinfrastructure.com.au,Not started,,Not assessed,,,,5,False,False
BC-DA-037|Y2,BC-DA-037,BC-DA-037,Submit interim Year 1 and Year 2 reports and final Year 5 report to DAF.,Year 2,,,,SamMoraes@dtinfrastructure.com.au,Not started,,Not assessed,,,,5,False,False
BC-DA-037|Y5,BC-DA-037,BC-DA-037,Submit interim Year 1 and Year 2 reports and final Year 5 report to DAF.,Year 5,,,,SamMoraes@dtinfrastructure.com.au,Not started,,Not assessed,,,,5,False,False
BC-DA-039|Y1,BC-DA-039,BC-DA-039,"Undertake aquatic plant monitoring at Years 1, 2 and 5.",Year 1,,,,SamMoraes@dtinfrastructure.com.au,Not started,,Not assessed,,,,5,False,False
BC-DA-039|Y2,BC-DA-039,BC-DA-039,"Undertake aquatic plant monitoring at Years 1, 2 and 5.",Year 2,,,,SamMoraes@dtinfrastructure.com.au,Not started,,Not assessed,,,,5,False,False
BC-DA-039|Y5,BC-DA-039,BC-DA-039,"Undertake aquatic plant monitoring at Years 1, 2 and 5.",Year 5,,,,SamMoraes@dtinfrastructure.com.au,Not started,,Not assessed,,,,5,False,False
BC-DA-042|Y1,BC-DA-042,BC-DA-042,"Submit baseline, interim and final rehabilitation monitoring reports to DAF.",Year 1,,,,SamMoraes@dtinfrastructure.com.au,Not started,,Not assessed,,,,5,False,False
BC-DA-042|Y2,BC-DA-042,BC-DA-042,"Submit baseline, interim and final rehabilitation monitoring reports to DAF.",Year 2,,,,SamMoraes@dtinfrastructure.com.au,Not started,,Not assessed,,,,5,False,False
BC-DA-042|Y5,BC-DA-042,BC-DA-042,"Submit baseline, interim and final rehabilitation monitoring reports to DAF.",Year 5,,,,SamMoraes@dtinfrastructure.com.au,Not started,,Not assessed,,,,5,False,False
MP-TNAR-002|COMMENCE,MP-TNAR-002,MP-TNAR-002,Notify Department of Agriculture and Fisheries (DAF) of commencement and completion of works. (a) will initially start; and (b) when it has been completed. Any notice must state the application’s reference number: 2308-36075 SDA,Commencement notice,,,,DanielBlunt@dtinfrastructure.com.au,Complete,,Not assessed,,https://dtinfrastructurecomau.sharepoint.com/:f:/s/DTI-20151005_QTMP/IgBCu3ERju4oQKtmH1KfWknPAb8yNZ-ZuptASHTMDHPVq7E?e=Jmk0Gg,Commencement notification evidenced in TP002 (link).,5,False,False
MP-TNAR-002|COMPLETE,MP-TNAR-002,MP-TNAR-002,Notify Department of Agriculture and Fisheries (DAF) of commencement and completion of works. (a) will initially start; and (b) when it has been completed. Any notice must state the application’s reference number: 2308-36075 SDA,Completion notice,,,,DanielBlunt@dtinfrastructure.com.au,Not started,,Not assessed,,,Completion notification outstanding (TP002: 'Required at end of conditions').,5,False,False
MP-NAC-003|COMMENCE,MP-NAC-003,MP-NAC-003,Submit written notice to the Department of Agriculture and Fisheries at notifications@daf.qld.gov.au advising when the development authorised under this decision notice: (a) will start; and (b) when it has been completed. Any notice must state the a…,Commencement notice,,,,DanielBlunt@dtinfrastructure.com.au,Complete,,Not assessed,,https://dtinfrastructurecomau.sharepoint.com/:f:/s/DTI-20151005_QTMP/IgBGZj5MLchaS6NVszzoGHqnAewLHBIlkPWA3E314zHnqYY?e=rWf9HS,Commencement notification evidenced in TP002 (link).,5,False,False
MP-NAC-003|COMPLETE,MP-NAC-003,MP-NAC-003,Submit written notice to the Department of Agriculture and Fisheries at notifications@daf.qld.gov.au advising when the development authorised under this decision notice: (a) will start; and (b) when it has been completed. Any notice must state the a…,Completion notice,,,,DanielBlunt@dtinfrastructure.com.au,Not started,,Not assessed,,,Completion notification outstanding (TP002: 'Required at end of conditions').,5,False,False
