Title,ReportName,ReportFrequency,ReportSourceRef,ProducingObligationID,SortOrder
Foreman's daily site diary,Monitoring data made available to TMR,Monthly,CMP (B) Section 13.3 Reporting and Records,CEMP-005,13
Maps and records of soil reuse in permanent works,Monitoring data made available to TMR,Monthly,CMP (B) Section 13.3 Reporting and Records,CEMP-005,15
Monthly records of water volumes reused or released on the site,Monitoring data made available to TMR,Monthly,CMP (B) Section 13.3 Reporting and Records,CEMP-005,16
PFAS waste tracking register,Monitoring data made available to TMR,Monthly,CMP (B) Section 13.3 Reporting and Records,CEMP-005,17
Progressive erosion and sediment control plans,Monitoring data made available to TMR,Monthly,CMP (B) Section 13.3 Reporting and Records,CEMP-005,19
Weekly Environmental Inspection Records,Monitoring data made available to TMR,Monthly,CMP (B) Section 13.3 Reporting and Records,CEMP-005,24
Any document that was prepared or updated during the month including relevant construction methodologies,PFAS Monthly Compliance Report,Monthly,CMP (B) Section 13.3 Reporting and Records,CEMP-004,6
Community complaints or feedback received pertaining to Compliance Matters,PFAS Monthly Compliance Report,Monthly,CMP (B) Section 13.3 Reporting and Records,CEMP-004,8
Construction activities undertaken in relation to the construction program and upcoming construction activities that may interact with low level concentrations of PFAS,PFAS Monthly Compliance Report,Monthly,CMP (B) Section 13.3 Reporting and Records,CEMP-004,9
Details of any environmental incidents pertaining to Compliance Matters,PFAS Monthly Compliance Report,Monthly,CMP (B) Section 13.3 Reporting and Records,CEMP-004,10
"Details of any non-conformance reports pertaining to Compliance Matters, including any corrective and preventative measures taken and whether the compliance issues has been adequately resolved",PFAS Monthly Compliance Report,Monthly,CMP (B) Section 13.3 Reporting and Records,CEMP-004,11
Details of inspections and audits undertaken and the outcome of the inspection and audits,PFAS Monthly Compliance Report,Monthly,CMP (B) Section 13.3 Reporting and Records,CEMP-004,12
Quantity of water treated and reused on the project and where it was reused,PFAS Monthly Compliance Report,Monthly,CMP (B) Section 13.3 Reporting and Records,CEMP-004,20
Records of soil reused on the Project,PFAS Monthly Compliance Report,Monthly,CMP (B) Section 13.3 Reporting and Records,CEMP-004,21
Results of monitoring data and discussion on compliance,PFAS Monthly Compliance Report,Monthly,CMP (B) Section 13.3 Reporting and Records,CEMP-004,22
Weekly Environmental Inspection Records,PFAS Monthly Compliance Report,Monthly,CMP (B) Section 13.3 Reporting and Records,CEMP-004,24
CMP Monthly Audit template,CMP Monthly Audit Report,Monthly,CMP (B) Section 13.1,CEMP-006B,7
Foreman's daily site diary,CMP Monthly Audit Report,Monthly,CMP (B) Section 13.1,CEMP-006B,13
Weekly Environmental Inspection Records,CMP Monthly Audit Report,Monthly,CMP (B) Section 13.1,CEMP-006B,24
Reviewed and updated Compliance Register,Compliance Register,Monthly,EMP (D) Section 6.4 and 8.1 CEMP (B) Section 8.3,CEMP-039,23
Analytical data to demonstrate that material was reused correctly and in accordance with the CMP,CMP Close Out Report,Post construction,CMP (B) Section 15 Close Out Management,CEMP-003,5
Geospatial coordinates in electronic format of any soil samples collected during soil testing data,CMP Close Out Report,Post construction,CMP (B) Section 15 Close Out Management,CEMP-003,14
Maps and records of soil reuse in permanent works,CMP Close Out Report,Post construction,CMP (B) Section 15 Close Out Management,CEMP-003,15
Photographic evidence / logs of site works,CMP Close Out Report,Post construction,CMP (B) Section 15 Close Out Management,CEMP-003,18
Quantity of water treated and reused on the project and where it was reused,CMP Close Out Report,Post construction,CMP (B) Section 15 Close Out Management,CEMP-003,20
Records of soil reused on the Project,CMP Close Out Report,Post construction,CMP (B) Section 15 Close Out Management,CEMP-003,21
