Title,PrimaryPerson,AdditionalPeople,Notes
Environmental and Sustainability Team,DanielBlunt@dtinfrastructure.com.au,EthanLittle@dtinfrastructure.com.au,
Environmental Manager,SamMoraes@dtinfrastructure.com.au,,
Environmental Advisor,RichardKightley@dtinfrastructure.com.au,,
Project Manager,DanielBlunt@dtinfrastructure.com.au,,"Also covers ""DT Infrastructure"" rows (D-11)"
Construction Manager,,,Unassigned - name to be confirmed
Site Manager,,,Unassigned - name to be confirmed
Site Supervisor,,,Unassigned - name to be confirmed
Engineering and Design Team,,,Unassigned - name to be confirmed
Contractor,,,Unassigned - name to be confirmed
Asset Owner / Operator,,,Operation-phase owner (TMR/QR) - name to be confirmed
